cust_id,1
3500,0.4168978251278754
3501,0.17847940945117585
3502,0.19090764060515464
3503,0.4558437410012165
3504,0.43906391490476016
3505,0.45581422243411984
3506,0.15775770382959226
3507,0.49283029932235656
3508,0.49283029932235656
3509,0.21487842453204656
3510,0.2525078082145512
3511,0.4391865737179856
3512,0.33957735818869084
3513,0.3605229873185536
3514,0.4747888588700522
3515,0.35685870677551873
3516,0.23996559217520108
3517,0.3476049963795838
3518,0.38229408843649276
3519,0.5237237076512206
3520,0.4576984860788857
3521,0.3633674854954952
3522,0.49283029932235656
3523,0.17803116666690805
3524,0.46709656666804883
3525,0.5288983803692396
3526,0.2750694508829978
3527,0.4659714718748987
3528,0.4596246582983135
3529,0.37880875758350946
3530,0.30375569173794437
3531,0.43231781027375793
3532,0.3150727328387819
3533,0.4409325204490531
3534,0.45373151599552225
3535,0.4859923878376764
3536,0.45254123022941556
3537,0.26756389324977214
3538,0.4582479574644499
3539,0.49283029932235656
3540,0.28258715821088726
3541,0.31954859917598843
3542,0.4920670640221389
3543,0.3944474934233027
3544,0.36176175403733196
3545,0.37166560248656816
3546,0.24218876594696429
3547,0.15707273947730302
3548,0.5288983803692396
3549,0.4187374108812578
3550,0.4240340916434196
3551,0.45289852994144325
3552,0.31661681340632947
3553,0.4352370322350043
3554,0.3733038653900646
3555,0.20650518171962762
3556,0.4424262913170858
3557,0.3786314657048892
3558,0.2850505979323174
3559,0.27134393712937954
3560,0.4803994099868563
3561,0.3742064399735889
3562,0.3231246642733668
3563,0.2581426310721669
3564,0.3406777943281295
3565,0.49283029932235656
3566,0.1722026020510456
3567,0.4832591660412995
3568,0.30652993688832775
3569,0.5238165612410066
3570,0.2715360341893623
3571,0.2778924464867099
3572,0.5288983803692396
3573,0.2973340161472045
3574,0.43886798708020913
3575,0.5288983803692396
3576,0.45836713932918083
3577,0.2944613510510532
3578,0.2767736407467975
3579,0.1821411141262576
3580,0.49283029932235656
3581,0.5573086796323143
3582,0.5288983803692396
3583,0.47734323864610184
3584,0.46334116066159764
3585,0.3182526883355081
3586,0.22464653266900672
3587,0.15372602200690458
3588,0.26900343634472135
3589,0.48089592990642765
3590,0.36491717248147
3591,0.32445444837144216
3592,0.49283029932235656
3593,0.531678233130366
3594,0.2669466434309094
3595,0.5513772415189424
3596,0.3007428889082188
3597,0.28590049830663733
3598,0.4346757182198676
3599,0.47189454612372755
3600,0.44199948963118474
3601,0.2977693347794187
3602,0.3565183239631555
3603,0.2247988869597988
3604,0.44691588328241766
3605,0.3307708906348029
3606,0.536532915235031
3607,0.41871734129886784
3608,0.3278181559012829
3609,0.3204169667235855
3610,0.44517198743884834
3611,0.5573086796323143
3612,0.49283029932235656
3613,0.3136731175482491
3614,0.5255122063389726
3615,0.2627319220571524
3616,0.4859923878376764
3617,0.477474661972588
3618,0.45978810720240376
3619,0.16153627066716528
3620,0.384248529229623
3621,0.48431354941361776
3622,0.44099854957770546
3623,0.4585645230709009
3624,0.2835349708108545
3625,0.49283029932235656
3626,0.41921147943443665
3627,0.21697384164246108
3628,0.5018738046619433
3629,0.2655422648800523
3630,0.2687780844186495
3631,0.5573086796323143
3632,0.35077138998759305
3633,0.30733427451624035
3634,0.31701956886659216
3635,0.32379789374680323
3636,0.467691105643059
3637,0.38091282506511925
3638,0.32857102857585985
3639,0.46723355193334287
3640,0.49341285917269745
3641,0.1959030499205081
3642,0.46098503754688636
3643,0.31204443438537477
3644,0.3213116290751959
3645,0.3632693534299017
3646,0.2755266217189351
3647,0.4079904607312278
3648,0.5288983803692396
3649,0.49283029932235656
3650,0.2790393075071887
3651,0.3907441829235949
3652,0.30766611343744055
3653,0.36540108788266534
3654,0.46632668104897596
3655,0.456571248155752
3656,0.464990713216295
3657,0.38711611074454466
3658,0.18015346616739555
3659,0.2797164965432566
3660,0.3225241462822474
3661,0.45337529053883946
3662,0.28641946406403385
3663,0.4859923878376764
3664,0.562420814570356
3665,0.49283029932235656
3666,0.49283029932235656
3667,0.28712857980662937
3668,0.32358034552883497
3669,0.5009513814832178
3670,0.24795103003478525
3671,0.5573086796323143
3672,0.33073598365962253
3673,0.49586395986376736
3674,0.4645382809934443
3675,0.43369279856473497
3676,0.44856963211355194
3677,0.5444956144132918
3678,0.3339625040305112
3679,0.4594656651608887
3680,0.3249449343322546
3681,0.49283029932235656
3682,0.47734323864610184
3683,0.1717837938997827
3684,0.44405918485336426
3685,0.35390267531009895
3686,0.4015319279052878
3687,0.3409922356502396
3688,0.31922004119922137
3689,0.477474661972588
3690,0.44468370448450467
3691,0.15666235900816353
3692,0.23867475467513036
3693,0.3402477448911888
3694,0.17660208692830737
3695,0.477474661972588
3696,0.5590589694316741
3697,0.30482267812667185
3698,0.29763092174488287
3699,0.48668883435162785
3700,0.3213317162346411
3701,0.3080457978711982
3702,0.3082663944253556
3703,0.5411256937011593
3704,0.3753713273679149
3705,0.5652117778179432
3706,0.34249781714455374
3707,0.31688746581779953
3708,0.3037822290607594
3709,0.2527072278976765
3710,0.2515222659368307
3711,0.31506166695568044
3712,0.477474661972588
3713,0.17993701284509328
3714,0.4460559322766235
3715,0.31341628550581063
3716,0.2796086069313088
3717,0.3224408479705466
3718,0.15255319775557846
3719,0.4464133958495935
3720,0.4651242536518462
3721,0.5288983803692396
3722,0.2029022121067211
3723,0.41737924001512555
3724,0.49283029932235656
3725,0.44505920864835535
3726,0.49283029932235656
3727,0.46098503754688636
3728,0.4558393188724381
3729,0.4859923878376764
3730,0.45391885435626805
3731,0.49283029932235656
3732,0.4659103898097644
3733,0.4579018870829462
3734,0.20128657022974983
3735,0.3167907670650736
3736,0.3308161619221109
3737,0.5339060182464889
3738,0.33775471664428486
3739,0.5411256937011593
3740,0.4547533125456626
3741,0.5652117778179432
3742,0.41142904601261465
3743,0.3340278202633373
3744,0.2707192000598467
3745,0.388368131800194
3746,0.38631195841804733
3747,0.2625739293617078
3748,0.1908331641468916
3749,0.477474661972588
3750,0.3167095853694538
3751,0.477474661972588
3752,0.24882284153201714
3753,0.5068188970784762
3754,0.45535341723848755
3755,0.5100032979733051
3756,0.49283029932235656
3757,0.4591032128470727
3758,0.42370223380702915
3759,0.34830275522992776
3760,0.17914405245646475
3761,0.4294759934657332
3762,0.27090478382626865
3763,0.21603067610418503
3764,0.5288983803692396
3765,0.18331215000518758
3766,0.4827382768096699
3767,0.45884498217538777
3768,0.30152995705148994
3769,0.29036861580973805
3770,0.5288983803692396
3771,0.2808905442297179
3772,0.46844282796965175
3773,0.45245868039638226
3774,0.32798102585945094
3775,0.49283029932235656
3776,0.5590589694316741
3777,0.45728008226818945
3778,0.4311909005124078
3779,0.3612124316523364
3780,0.49283029932235656
3781,0.4336239839789553
3782,0.45440060535189447
3783,0.4093751607181196
3784,0.47734323864610184
3785,0.49283029932235656
3786,0.44994516863060136
3787,0.5285925106281074
3788,0.49283029932235656
3789,0.2641359498739195
3790,0.17010977493049803
3791,0.3298004489367121
3792,0.4968298809262851
3793,0.461051180083822
3794,0.39110231896175984
3795,0.4968298809262851
3796,0.1602031697717635
3797,0.46068293421247625
3798,0.4397038560525725
3799,0.35888604401755714
3800,0.18736540974985094
3801,0.15924780024910318
3802,0.27951328572844786
3803,0.21794939215434625
3804,0.29215686662316964
3805,0.45166006067305015
3806,0.45254123022941556
3807,0.2918286823061741
3808,0.4282399674966809
3809,0.3314474424408667
3810,0.35093331779573617
3811,0.5340981939445242
3812,0.49138085536478376
3813,0.477474661972588
3814,0.24815010372611518
3815,0.48674751041917075
3816,0.3378614885258619
3817,0.24274891828177902
3818,0.49283029932235656
3819,0.24369708772399856
3820,0.4203640777409816
3821,0.5449931749041668
3822,0.2923941866820641
3823,0.2676520683555816
3824,0.33065638055715346
3825,0.4397038560525725
3826,0.42498512984517334
3827,0.3768526473666419
3828,0.22084095907805232
3829,0.3420106535128685
3830,0.49283029932235656
3831,0.2922898994687024
3832,0.30682900875785174
3833,0.20808468377186418
3834,0.3778217738293176
3835,0.20209225314198406
3836,0.158429762405122
3837,0.2405243570321846
3838,0.49283029932235656
3839,0.4655857742730841
3840,0.3305956571571034
3841,0.2414684833186213
3842,0.3203285826644962
3843,0.1963969394661203
3844,0.4442241113172758
3845,0.19482151763277195
3846,0.39264966627138703
3847,0.2935524519652071
3848,0.437700524386043
3849,0.5573086796323143
3850,0.32146621846301815
3851,0.22480481640270586
3852,0.3835438311752859
3853,0.5288983803692396
3854,0.469829948350751
3855,0.21448783523798592
3856,0.44053040542656574
3857,0.2127372861391659
3858,0.36001442669115613
3859,0.43287104747773036
3860,0.49283029932235656
3861,0.2912604244339078
3862,0.44630730520653317
3863,0.41508798537307806
3864,0.49283029932235656
3865,0.4979928372703387
3866,0.49283029932235656
3867,0.48147491554716887
3868,0.45495638737837324
3869,0.4599381886641389
3870,0.35329829705681265
3871,0.4771766323534817
3872,0.4488074991280182
3873,0.4508103539510776
3874,0.45495638737837324
3875,0.1941257913000177
3876,0.4404333328390274
3877,0.19119283866913414
3878,0.43087723408298473
3879,0.49283029932235656
3880,0.477474661972588
3881,0.16184095942055987
3882,0.3219219561339093
3883,0.45265638705540284
3884,0.313180000547587
3885,0.4380600833802857
3886,0.5288983803692396
3887,0.33293075793548754
3888,0.3542440087241811
3889,0.30653800073050136
3890,0.48963622730622597
3891,0.3834828808123558
3892,0.23824575388882469
3893,0.349252341686959
3894,0.19193555262750567
3895,0.1344310968065315
3896,0.30642148605612546
3897,0.22130947481737132
3898,0.49283029932235656
3899,0.31677547893257485
3900,0.49283029932235656
3901,0.39812649371639386
3902,0.261471432633289
3903,0.3536785713055821
3904,0.3447752806119467
3905,0.30261256847498486
3906,0.4725651031421604
3907,0.1787823487733668
3908,0.4151336116532769
3909,0.5011185358478403
3910,0.3493579306356511
3911,0.14442385878295627
3912,0.5288983803692396
3913,0.4859923878376764
3914,0.30707922215204714
3915,0.17704275094907712
3916,0.2847494057334323
3917,0.48963622730622597
3918,0.5573086796323143
3919,0.16804304811555798
3920,0.44196135714855195
3921,0.3770498873291488
3922,0.41431019238468564
3923,0.5288983803692396
3924,0.49283029932235656
3925,0.30623361870154936
3926,0.31537856726142005
3927,0.19158061644125046
3928,0.477474661972588
3929,0.4294759934657332
3930,0.3921727000422248
3931,0.31403697262987784
3932,0.46331873834144593
3933,0.4455433014643805
3934,0.17587857375240293
3935,0.2913710232812377
3936,0.1793022682848399
3937,0.23509759514458292
3938,0.4924227997171044
3939,0.48422803992173924
3940,0.45754081711603933
3941,0.48655891415213076
3942,0.23261377844370443
3943,0.273913957398897
3944,0.17648543319999505
3945,0.431113115226836
3946,0.4467033057047876
3947,0.16807457758082822
3948,0.3460833023455568
3949,0.48632432253696384
3950,0.33635641078868084
3951,0.4607181651460445
3952,0.3892992151365092
3953,0.3401589957289303
3954,0.477474661972588
3955,0.44746283210966376
3956,0.49283029932235656
3957,0.2609531995354515
3958,0.43744444212963507
3959,0.3628757088972055
3960,0.5288983803692396
3961,0.4015846273200276
3962,0.4830461758481828
3963,0.3053310712947673
3964,0.4744661993809778
3965,0.5696144681904152
3966,0.2969687785618115
3967,0.3065104454830718
3968,0.49283029932235656
3969,0.313392168103659
3970,0.2780585065284069
3971,0.24478860189430926
3972,0.477474661972588
3973,0.5288983803692396
3974,0.3614314617315312
3975,0.5573086796323143
3976,0.4531518944800662
3977,0.4435853091508983
3978,0.4859923878376764
3979,0.4201803919980277
3980,0.32976843278063617
3981,0.23912961204170247
3982,0.4378284187832178
3983,0.3782702658108053
3984,0.3444169612169818
3985,0.16803786924636527
3986,0.1766973142530527
3987,0.14916973052649857
3988,0.31742992776909135
3989,0.5573086796323143
3990,0.33912272529843823
3991,0.477474661972588
3992,0.1758520464491371
3993,0.254631447157367
3994,0.17959030280179888
3995,0.2959086612481785
3996,0.234939945742301
3997,0.3527095736794675
3998,0.5590589694316741
3999,0.5288983803692396
4000,0.4431023426266191
4001,0.4438295384179719
4002,0.3523527053895712
4003,0.2962944204439069
4004,0.35555917991204516
4005,0.36182639923199617
4006,0.49283029932235656
4007,0.4404881264654961
4008,0.39736934143871316
4009,0.44951533422651524
4010,0.27731422703202563
4011,0.49283029932235656
4012,0.47897151769488594
4013,0.28937736035343775
4014,0.2514676399638204
4015,0.3258296582566799
4016,0.4415573492758164
4017,0.3114741658158439
4018,0.4859923878376764
4019,0.28086800924404426
4020,0.17406955079826653
4021,0.45163558258080344
4022,0.49238364511564553
4023,0.4120051610735459
4024,0.47094098690859953
4025,0.4734181299610328
4026,0.47330458274605564
4027,0.44517198743884834
4028,0.44613884759899053
4029,0.15287900392292103
4030,0.1985529778633958
4031,0.29949829893472124
4032,0.43690185211407095
4033,0.5288983803692396
4034,0.4500585984748794
4035,0.48963622730622597
4036,0.3350641755922428
4037,0.2090450839338414
4038,0.3794706765317503
4039,0.19391017015160986
4040,0.27618537670387705
4041,0.4461659218347653
4042,0.29924618713694273
4043,0.3069274151543999
4044,0.4495423461208148
4045,0.562420814570356
4046,0.3480413411815536
4047,0.1947424058386169
4048,0.4735309046680661
4049,0.3427449023292049
4050,0.18720068346998134
4051,0.3693097065300087
4052,0.19416790649909071
4053,0.29329419387742733
4054,0.46805483272092857
4055,0.5590589694316741
4056,0.477474661972588
4057,0.43822282780199623
4058,0.4240789341149099
4059,0.49283029932235656
4060,0.3642219586379791
4061,0.47651674179887527
4062,0.48867275382387976
4063,0.32180744257146343
4064,0.49283029932235656
4065,0.47260960769453886
4066,0.30395518606725935
4067,0.20975137978452316
4068,0.2219840173886656
4069,0.4604910104385872
4070,0.19470963231988717
4071,0.3944084469344994
4072,0.30935693390023167
4073,0.21457483925080909
4074,0.35932486175578765
4075,0.43848921352924836
4076,0.3778443886213281
4077,0.28168836556254734
4078,0.477474661972588
4079,0.4552098412247285
4080,0.43891797976974617
4081,0.3013212288918854
4082,0.36347353050411874
4083,0.49303000873860287
4084,0.48695684101931463
4085,0.25548233249226515
4086,0.49195188625493
4087,0.4326217546702712
4088,0.41850899110157386
4089,0.18187282794384543
4090,0.27690304633372254
4091,0.4397038560525725
4092,0.36322242882162625
4093,0.4721468882491981
4094,0.4912524933177619
4095,0.28438351205422274
4096,0.44362455581826493
4097,0.5590589694316741
4098,0.3913603098822348
4099,0.4859923878376764
4100,0.44283514379893524
4101,0.5047236070257393
4102,0.4422831509649583
4103,0.16820511329786988
4104,0.14611410230072347
4105,0.4908373412806749
4106,0.16437471730808068
4107,0.41444321084914193
4108,0.31962620378135287
4109,0.3874221229427524
4110,0.19985638752947246
4111,0.5186554895807263
4112,0.45473560519813555
4113,0.29090187757306174
4114,0.43889482756818793
4115,0.46136897267327215
4116,0.5045476035531063
4117,0.2941667014881053
4118,0.3179491672925005
4119,0.377499335781624
4120,0.3441304870289363
4121,0.4832591660412995
4122,0.45157003156259357
4123,0.47593814430720455
4124,0.5573086796323143
4125,0.3459995759140479
4126,0.14270841268108145
4127,0.2739000208442443
4128,0.16881502995400702
4129,0.5313775013694808
4130,0.4388411104187612
4131,0.4653593811749052
4132,0.3255103550460792
4133,0.2866682807443751
4134,0.41664603535534256
4135,0.3230342860770993
4136,0.4357715053547148
4137,0.3488596794757522
4138,0.3255737402958573
4139,0.46270020967557435
4140,0.4859923878376764
4141,0.17520793775038424
4142,0.21051899936996812
4143,0.27393439905198264
4144,0.477474661972588
4145,0.477474661972588
4146,0.3283690636847604
4147,0.4454956635430636
4148,0.4315872029946122
4149,0.477474661972588
4150,0.4035378044776178
4151,0.43287104747773036
4152,0.42660572146756565
4153,0.48988160657481705
4154,0.39317125779368445
4155,0.3044694380958604
4156,0.2042641595185149
4157,0.4053829877785433
4158,0.4614287620671918
4159,0.18323114510470273
4160,0.477474661972588
4161,0.2947839328765787
4162,0.4397038560525725
4163,0.3809826710594333
4164,0.5573086796323143
4165,0.46205186823984024
4166,0.4694611692920789
4167,0.49283029932235656
4168,0.4617199483510504
4169,0.3215148021019168
4170,0.35485793834835966
4171,0.48963622730622597
4172,0.41759129290004
4173,0.31476173121455187
4174,0.4510314929742541
4175,0.3364563375259096
4176,0.4416091279544572
4177,0.2759201895087919
4178,0.31794451812745983
4179,0.18558990713806922
4180,0.3089888000603232
4181,0.1418574997542723
4182,0.3745800925467922
4183,0.32466988341704217
4184,0.16239199314564587
4185,0.21689652503434284
4186,0.3195654577090927
4187,0.20287538992083654
4188,0.5573086796323143
4189,0.46258133839993076
4190,0.12544774204426998
4191,0.4078679817318267
4192,0.5288983803692396
4193,0.49283029932235656
4194,0.38051894989627416
4195,0.5590589694316741
4196,0.5288983803692396
4197,0.47773117170827417
4198,0.442616688624842
4199,0.32156990970739985
4200,0.4731235585184303
4201,0.4407398537461984
4202,0.16905671150490428
4203,0.477474661972588
4204,0.4695533300293988
4205,0.1679228031031749
4206,0.49283029932235656
4207,0.42245999466440926
4208,0.33498823870797295
4209,0.525323337963094
4210,0.2594068939710146
4211,0.4459990097561945
4212,0.4617614318390376
4213,0.31471611135353816
4214,0.2699321746320493
4215,0.25541339175342254
4216,0.43608093421828575
4217,0.20910268878535554
4218,0.47401851733071737
4219,0.4876784358073322
4220,0.49283029932235656
4221,0.3283262231401613
4222,0.46172290271708216
4223,0.2981722926202872
4224,0.21859275040133155
4225,0.2730351208332601
4226,0.4534321490082134
4227,0.49283029932235656
4228,0.49586395986376736
4229,0.38560251822136954
4230,0.4859923878376764
4231,0.43191040454937757
4232,0.4683158357781646
4233,0.16887371015937003
4234,0.32994606574790064
4235,0.48865420420486766
4236,0.32044350990956366
4237,0.49283029932235656
4238,0.477474661972588
4239,0.4982634794054841
4240,0.1886673820688201
4241,0.27677340755685764
4242,0.23061176756954244
4243,0.24084104611053664
4244,0.2726569586413357
4245,0.4181680622316843
4246,0.5696144681904152
4247,0.44206606356756156
4248,0.25546791001606806
4249,0.49283029932235656
4250,0.2074356209923943
4251,0.47113491083139425
4252,0.21868495352242717
4253,0.29491468684287936
4254,0.42694843054147696
4255,0.2867030280613277
4256,0.18539059345064643
4257,0.44374164147934275
4258,0.5590589694316741
4259,0.5288983803692396
4260,0.4433752053652836
4261,0.20808243843712756
4262,0.333398771144877
4263,0.45783340252348226
4264,0.4582605079401793
4265,0.20325421048876938
4266,0.4948944209315729
4267,0.20917052375542294
4268,0.21723153030584233
4269,0.4159842511326755
4270,0.4510888053731209
4271,0.408711046007869
4272,0.1488554824043667
4273,0.34786687233021857
4274,0.4809781928281811
4275,0.4537448783119208
4276,0.49283029932235656
4277,0.4901276042436457
4278,0.267941873536576
4279,0.4821345617535988
4280,0.45911008808160225
4281,0.41176362861410554
4282,0.3527029593294336
4283,0.44942919691898275
4284,0.5288983803692396
4285,0.4794385286988387
4286,0.2661181634714928
4287,0.4558437410012165
4288,0.40766844251489565
4289,0.48963622730622597
4290,0.29259233875923557
4291,0.2746517885125726
4292,0.4476226388533641
4293,0.477474661972588
4294,0.24738756885519225
4295,0.19360084981374548
4296,0.5573086796323143
4297,0.4533675583639089
4298,0.28379955552583064
4299,0.44830454555213606
4300,0.2578123059766433
4301,0.23664569149530515
4302,0.17192680580688777
4303,0.21991893718412692
4304,0.44695245549409685
4305,0.5449931749041668
4306,0.4171466574392761
4307,0.2029008602434488
4308,0.3587080823239196
4309,0.18944152347591328
4310,0.3103334029465234
4311,0.5446620046852525
4312,0.3605564846523789
4313,0.4021648666135289
4314,0.271176927409291
4315,0.49283029932235656
4316,0.4685079049348883
4317,0.4666543547918516
4318,0.27565954090272315
4319,0.48674751041917075
4320,0.41244634110574857
4321,0.36024543057388164
4322,0.3546482103742698
4323,0.31781690110471705
4324,0.4834959671472866
4325,0.44359920824465265
4326,0.45773162565515757
4327,0.48501474117794124
4328,0.3224669231067061
4329,0.3435264620336582
4330,0.3891670178777173
4331,0.4859923878376764
4332,0.477474661972588
4333,0.41136961762217816
4334,0.3014964783196493
4335,0.29729464879691336
4336,0.49283029932235656
4337,0.42332482052405906
4338,0.5288983803692396
4339,0.307711552223658
4340,0.30533119655862373
4341,0.49283029932235656
4342,0.5590589694316741
4343,0.15966257117148452
4344,0.3843303807745702
4345,0.19470469692536616
4346,0.1955755846780688
4347,0.4049929253861405
4348,0.37917591438266507
4349,0.4859923878376764
4350,0.3008427319239047
4351,0.19098654857921654
4352,0.42301625464387405
4353,0.44365557983059145
4354,0.43239179417454343
4355,0.3309271703734944
4356,0.4666974845388471
4357,0.44252947595588255
4358,0.477474661972588
4359,0.4442817780884797
4360,0.48975477175768817
4361,0.5166783750807294
4362,0.3589465184205317
4363,0.3177563151354953
4364,0.3075474929721517
4365,0.4345461796730769
4366,0.2403319650640399
4367,0.3068135198760954
4368,0.16352429264367851
4369,0.44824026572369813
4370,0.3609055031326116
4371,0.46784761125349
4372,0.46565883888425674
4373,0.4397038560525725
4374,0.38699438566100247
4375,0.45387746232890874
4376,0.40139895807764625
4377,0.3043228737603217
4378,0.34091424483309274
4379,0.46947871179215234
4380,0.36188998959912255
4381,0.23729605983245258
4382,0.3388480669612953
4383,0.49283029932235656
4384,0.4982163481186502
4385,0.42556598673463675
4386,0.35904401429058763
4387,0.47065959646301636
4388,0.4947084316736997
4389,0.48963622730622597
4390,0.24343820756673287
4391,0.3789523801112907
4392,0.4446443995881625
4393,0.31273556282597714
4394,0.3255337560340068
4395,0.37109598573427094
4396,0.3868381891565625
4397,0.2509668830099562
4398,0.477474661972588
4399,0.24459975940261708
4400,0.3277341334334147
4401,0.477474661972588
4402,0.49283029932235656
4403,0.32761384707385155
4404,0.3220903532747045
4405,0.4027357840355999
4406,0.43912432921843186
4407,0.40897670614000803
4408,0.3547490223496304
4409,0.3822215223437373
4410,0.48963622730622597
4411,0.41306156615110035
4412,0.19104704684588458
4413,0.312562658826051
4414,0.44245080142571963
4415,0.3013957710588429
4416,0.4968298809262851
4417,0.3373953057922279
4418,0.32778202684574453
4419,0.2886832719122243
4420,0.24574972155534844
4421,0.307455807815568
4422,0.48674751041917075
4423,0.49283029932235656
4424,0.5288983803692396
4425,0.31533051547820007
4426,0.40340340261725144
4427,0.33840090617824936
4428,0.44348283815478723
4429,0.5288983803692396
4430,0.45970023942584143
4431,0.5013928593517005
4432,0.49283029932235656
4433,0.2775952513858124
4434,0.28703939951745455
4435,0.4926937267123306
4436,0.20054726910246212
4437,0.3636492313966199
4438,0.41554596756580053
4439,0.4569506755846382
4440,0.28093643186750833
4441,0.26770419867858825
4442,0.3680884744342698
4443,0.18610930741697285
4444,0.4660328675817387
4445,0.4588093842976674
4446,0.4040883333990689
4447,0.44048026174185734
4448,0.3910330666193918
4449,0.2980333719441544
4450,0.17060275387732424
4451,0.4328262050062401
4452,0.4392489644081866
4453,0.28933409360470314
4454,0.46227318555502284
4455,0.28465391502950543
4456,0.27893932272307104
4457,0.20823378485086597
4458,0.24112097685074257
4459,0.2301501980227234
4460,0.4363153979775114
4461,0.32677352660260056
4462,0.477474661972588
4463,0.49283029932235656
4464,0.12447083178765413
4465,0.3662399656834576
4466,0.4741334536452379
4467,0.365813115594508
4468,0.32747188920249143
4469,0.40923754617627117
4470,0.14684120495685526
4471,0.2662070646485866
4472,0.46391396975221255
4473,0.4366767206050958
4474,0.32111872854030965
4475,0.5097555783428777
4476,0.32322444416468454
4477,0.2067368248240553
4478,0.49283029932235656
4479,0.3687337157142466
4480,0.3427305908159728
4481,0.18227698061626685
4482,0.44703125072637506
4483,0.219256719247774
4484,0.49283029932235656
4485,0.32137097591828906
4486,0.2837319726659293
4487,0.3277635251026264
4488,0.2560691205715617
4489,0.3044570399259862
4490,0.22704393737342043
4491,0.39153354518667727
4492,0.4859923878376764
4493,0.4497248764832321
4494,0.22557210926398039
4495,0.37159791437958245
4496,0.3507394380453108
4497,0.5288983803692396
4498,0.43498552159469045
4499,0.49354974688636444
4500,0.5590589694316741
4501,0.31772333865476154
4502,0.210375707044957
4503,0.36278571713596514
4504,0.3546841466174544
4505,0.49283029932235656
4506,0.3951391849733054
4507,0.1623078662147993
4508,0.3591660337725837
4509,0.3462334502535749
4510,0.15767188095383186
4511,0.477474661972588
4512,0.49283029932235656
4513,0.3304254722813384
4514,0.4432246689484103
4515,0.49283029932235656
4516,0.35442736835148686
4517,0.4359101647974437
4518,0.4301469595703829
4519,0.5148369852470568
4520,0.49283029932235656
4521,0.43605241098457986
4522,0.18282331637184066
4523,0.15531176979719846
4524,0.46192976505611455
4525,0.478670813910951
4526,0.45861282107696844
4527,0.23677695667648138
4528,0.44517198743884834
4529,0.43730242893105
4530,0.49283029932235656
4531,0.477474661972588
4532,0.48963622730622597
4533,0.45599427619242117
4534,0.4813753992248307
4535,0.21528907468099331
4536,0.49283029932235656
4537,0.4501143144006366
4538,0.39042622377755415
4539,0.4859923878376764
4540,0.4648092894910804
4541,0.42855865725344344
4542,0.47651674179887527
4543,0.3693663001994564
4544,0.2761166109237449
4545,0.4697068825297711
4546,0.27566075643541427
4547,0.28603005738245385
4548,0.3700403049389253
4549,0.43250097758735023
4550,0.36824042233809734
4551,0.49283029932235656
4552,0.3157664406217945
4553,0.477474661972588
4554,0.48674751041917075
4555,0.2897169793893528
4556,0.49283029932235656
4557,0.44405126865046257
4558,0.4488858516806282
4559,0.22622232466191822
4560,0.45861282107696844
4561,0.13257754363746485
4562,0.4446877768002885
4563,0.477474661972588
4564,0.3108503971096799
4565,0.49283029932235656
4566,0.3078813841001056
4567,0.45971998338218023
4568,0.4054993140282493
4569,0.3170342519299805
4570,0.31285215520519505
4571,0.4322823572026245
4572,0.21837129511783931
4573,0.28620983703171254
4574,0.44956988142944143
4575,0.4859923878376764
4576,0.4824969618973165
4577,0.461051180083822
4578,0.477474661972588
4579,0.18318446608404526
4580,0.24945036368868234
4581,0.5573086796323143
4582,0.18551105038297414
4583,0.477474661972588
4584,0.2563144439315465
4585,0.4641989955988349
4586,0.4614287620671918
4587,0.3226562937787552
4588,0.4446609947104413
4589,0.14924665706691942
4590,0.4446526128116463
4591,0.38765652191355715
4592,0.4441845030892988
4593,0.461666887440012
4594,0.3531886833203676
4595,0.3036304362241166
4596,0.4660328675817387
4597,0.5288983803692396
4598,0.3899128187890527
4599,0.4527984239612809
4600,0.45157003156259357
4601,0.3286054452208006
4602,0.28283656027347104
4603,0.21096988902142674
4604,0.4412083597862585
4605,0.4398064769791366
4606,0.2852062580095934
4607,0.31458316356508437
4608,0.3698411901197779
4609,0.4711800777922939
4610,0.33805548778958006
4611,0.5573086796323143
4612,0.46436626080289073
4613,0.4744236109109046
4614,0.31905210819944557
4615,0.477934674545617
4616,0.1346066946030739
4617,0.455603892272203
4618,0.24308072326203983
4619,0.46650962758752734
4620,0.49283029932235656
4621,0.3752194188571225
4622,0.49283029932235656
4623,0.47443142359744295
4624,0.31622959614133533
4625,0.49283029932235656
4626,0.45146785845905557
4627,0.4947084316736997
4628,0.477474661972588
4629,0.4398064769791366
4630,0.36910875612118477
4631,0.5272100523368052
4632,0.27620931341811084
4633,0.17441932714250327
4634,0.3078174157991067
4635,0.3494486436736514
4636,0.48963622730622597
4637,0.35542881985431735
4638,0.2615625070376386
4639,0.2294240595273003
4640,0.30902398846353896
4641,0.3651406802405281
4642,0.2510065375023739
4643,0.18342853055050218
4644,0.34807658157884525
4645,0.477474661972588
4646,0.2877281497908365
4647,0.4437091355606959
4648,0.4719487949769364
4649,0.4409787930945834
4650,0.36340591886152396
4651,0.18802984308444523
4652,0.27809195083755717
4653,0.3329238571480137
4654,0.43595181711956243
4655,0.45703235931294267
4656,0.30179155284442055
4657,0.4274637532436778
4658,0.3722236455404005
4659,0.477474661972588
4660,0.2836548102833883
4661,0.4064966523043028
4662,0.25296326260106633
4663,0.44833279655009084
4664,0.2292579188097993
4665,0.5288983803692396
4666,0.2283301001781629
4667,0.2558716293545342
4668,0.2539646527345768
4669,0.47073070627857133
4670,0.2860364697484908
4671,0.2524755680891502
4672,0.2724357610153859
4673,0.31807475709300503
4674,0.45252887274857306
4675,0.49283029932235656
4676,0.3483553197695977
4677,0.33828928886235426
4678,0.35472856979649364
4679,0.5288983803692396
4680,0.24007056126282827
4681,0.4345590803273842
4682,0.17712166628679302
4683,0.18129429056030694
4684,0.4968298809262851
4685,0.2136715762491468
4686,0.3310457490635447
4687,0.23033628726544986
4688,0.44668082229074374
4689,0.18636008554806552
4690,0.15090559502057824
4691,0.47972835652175944
4692,0.22073461130816655
4693,0.28102707760479473
4694,0.3182055516657365
4695,0.3080852888779093
4696,0.29049636924018246
4697,0.37706989648232025
4698,0.49283029932235656
4699,0.32748582006520477
4700,0.21177773027239394
4701,0.3517919773548976
4702,0.17973391022671628
4703,0.20322069891817754
4704,0.48963622730622597
4705,0.5288983803692396
4706,0.3555915816805058
4707,0.49283029932235656
4708,0.24924209468269987
4709,0.49028784067920156
4710,0.31509018706607916
4711,0.2853883910012415
4712,0.5573086796323143
4713,0.489591116700035
4714,0.5288983803692396
4715,0.4781133031240645
4716,0.4011432310724414
4717,0.3401823209107886
4718,0.5288983803692396
4719,0.477474661972588
4720,0.477474661972588
4721,0.4596246582983135
4722,0.2289487089247238
4723,0.41657939431111335
4724,0.38758358260247844
4725,0.4601559134774901
4726,0.49283029932235656
4727,0.2464823623843976
4728,0.2460723127399915
4729,0.429574865089394
4730,0.4400878002154437
4731,0.4350607946823468
4732,0.4859923878376764
4733,0.2897718559228638
4734,0.4305765366563564
4735,0.2305461899600541
4736,0.3213026698896357
4737,0.4572187861899606
4738,0.44532361980947194
4739,0.49283029932235656
4740,0.21836367096541562
4741,0.44207925536248643
4742,0.30229060622338816
4743,0.44655031667269673
4744,0.3296983919417367
4745,0.48963622730622597
4746,0.4909941845287074
4747,0.2779937703699791
4748,0.5288983803692396
4749,0.17282720904077753
4750,0.47226420061970126
4751,0.20134744467903018
4752,0.4931162783769242
4753,0.3165673237523468
4754,0.45308914299489617
4755,0.35615340607406615
4756,0.2875574585617245
4757,0.35383982737027186
4758,0.49283029932235656
4759,0.28550288982082944
4760,0.36121617394297517
4761,0.5573086796323143
4762,0.4795577379630804
4763,0.2391634796984415
4764,0.40664653892610103
4765,0.294998075006014
4766,0.5288983803692396
4767,0.544245050847772
4768,0.35157397700265525
4769,0.4492720708433208
4770,0.469829948350751
4771,0.477474661972588
4772,0.31219007866842097
4773,0.42549323007737916
4774,0.30532951440215045
4775,0.49283029932235656
4776,0.14558145580591494
4777,0.5288983803692396
4778,0.477474661972588
4779,0.20878513569092244
4780,0.4627420900116796
4781,0.43791016920419684
4782,0.2863326495619074
4783,0.32416388583160327
4784,0.1694635492777046
4785,0.23696569034884665
4786,0.4605998322655496
4787,0.2644253243933357
4788,0.449824065932974
4789,0.5288983803692396
4790,0.48111203185161217
4791,0.3052153497036998
4792,0.477474661972588
4793,0.43338323892637765
4794,0.5288983803692396
4795,0.19194408246458866
4796,0.38607746939286763
4797,0.49283029932235656
4798,0.34242269003096387
4799,0.18683463786121407
4800,0.4385902169264662
4801,0.49283029932235656
4802,0.3463656262873359
4803,0.29028410312748665
4804,0.46064395130112173
4805,0.2882399524620246
4806,0.4116142606753666
4807,0.49283029932235656
4808,0.18272523303530352
4809,0.28475610689195285
4810,0.4440970304937049
4811,0.35376061579424345
4812,0.4433019599134947
4813,0.2830718769465314
4814,0.25667905698983073
4815,0.47443142359744295
4816,0.31065518894235616
4817,0.5288983803692396
4818,0.4591183324563221
4819,0.45075289028411997
4820,0.35512758751059764
4821,0.38671199740298173
4822,0.3225907761678215
4823,0.20548718746074446
4824,0.44289241527194134
4825,0.23534359133586694
4826,0.1673587378944021
4827,0.25791742182356203
4828,0.17984726085343308
4829,0.42634307133484506
4830,0.2894420676779246
4831,0.24475755071448677
4832,0.32960798171310024
4833,0.524694046480289
4834,0.4759570533758016
4835,0.4765267136501798
4836,0.4749216386408438
4837,0.4859923878376764
4838,0.5288983803692396
4839,0.3528528384001061
4840,0.5288983803692396
4841,0.4812175409303674
4842,0.33839791783188694
4843,0.45836713932918083
4844,0.49283029932235656
4845,0.4533296033656964
4846,0.4596817152660875
4847,0.47897151769488594
4848,0.477474661972588
4849,0.23838302939147557
4850,0.48963622730622597
4851,0.4091975737676673
4852,0.4434132117750565
4853,0.5141551969619972
4854,0.49283029932235656
4855,0.2694901000152968
4856,0.33678711721070514
4857,0.16625526225563966
4858,0.449251661234442
4859,0.403214046453554
4860,0.49283029932235656
4861,0.43702670172782127
4862,0.5288983803692396
4863,0.3365688170878184
4864,0.49283029932235656
4865,0.24106470263693897
4866,0.33189073977833744
4867,0.35452291181102874
4868,0.15148981618591553
4869,0.380886243799702
4870,0.1719433327439594
4871,0.44405126865046257
4872,0.27099924288528116
4873,0.3554643797974233
4874,0.4619425119258543
4875,0.38747320725802853
4876,0.45086622403801746
4877,0.477474661972588
4878,0.46668913873197887
4879,0.5040733278448911
4880,0.30027344495791186
4881,0.4448578484908909
4882,0.47157400184488923
4883,0.47517065101886763
4884,0.4859923878376764
4885,0.26116039491940957
4886,0.3110690021975426
4887,0.20423393494599104
4888,0.31085490324159265
4889,0.17005979290061787
4890,0.4859923878376764
4891,0.32821410421720254
4892,0.3779639020366568
4893,0.4659757182950951
4894,0.43364539684405706
4895,0.36474486041603776
4896,0.477474661972588
4897,0.48358863889805936
4898,0.19380890366110226
4899,0.20576521277386367
4900,0.3515363269173583
4901,0.4564815968504247
4902,0.4358329732395763
4903,0.28087007456572666
4904,0.4683348564999721
4905,0.5110543625541388
4906,0.5573086796323143
4907,0.392464350650297
4908,0.16991924615906004
4909,0.43404470621029567
4910,0.21138199300685184
4911,0.4859923878376764
4912,0.5590589694316741
4913,0.4997239219247334
4914,0.5187483126494036
4915,0.2758436169138114
4916,0.3136664662092335
4917,0.28160861422667943
4918,0.26288089319327596
4919,0.4422038560525725
4920,0.49283029932235656
4921,0.48544261228135804
4922,0.39778861524365294
4923,0.20469294202247737
4924,0.3124785775644414
4925,0.34283915767995277
4926,0.5573086796323143
4927,0.3721109067956014
4928,0.2701840796552182
4929,0.15532446384976983
4930,0.5018876188349576
4931,0.35223972598924186
4932,0.3115268355150058
4933,0.26552896942702275
4934,0.5326187852234978
4935,0.44174981489543474
4936,0.20263806266025783
4937,0.33311597523366887
4938,0.340076608814205
4939,0.40631012015356793
4940,0.473550801795125
4941,0.39272173354827833
4942,0.24962608295535887
4943,0.44153627385647615
4944,0.2883805356559825
4945,0.44517198743884834
4946,0.4638477721758011
4947,0.23944753808034064
4948,0.4984653425534883
4949,0.1458666970365352
4950,0.5288983803692396
4951,0.39801575425125063
4952,0.18150323673197202
4953,0.24477449779672708
4954,0.44920754268217294
4955,0.5049302208938742
4956,0.49283029932235656
4957,0.40815401709014204
4958,0.49283029932235656
4959,0.49283029932235656
4960,0.160252811949886
4961,0.4812700163350565
4962,0.4544330933909495
4963,0.48963622730622597
4964,0.45808094838582847
4965,0.4859923878376764
4966,0.4956662231773263
4967,0.46650962758752734
4968,0.26334498661271644
4969,0.4372680435555111
4970,0.18516430164240968
4971,0.4184885695183466
4972,0.35532824625983506
4973,0.46207170141126996
4974,0.477474661972588
4975,0.45247762704583516
4976,0.33748646516049613
4977,0.15955206614707096
4978,0.27796660731523604
4979,0.5057828724286689
4980,0.28376723720325103
4981,0.3664238507171281
4982,0.37736066861401485
4983,0.49283029932235656
4984,0.477474661972588
4985,0.4402009694159835
4986,0.35250724972062975
4987,0.4968298809262851
4988,0.24787074171465595
4989,0.4523459411343891
4990,0.4650915181974167
4991,0.2581665363626941
4992,0.4413028330107916
4993,0.1981601527811213
4994,0.4397038560525725
4995,0.36021467304941324
4996,0.3286196613237597
4997,0.49283029932235656
4998,0.43612348340112334
4999,0.49283029932235656
5000,0.44377553412137005
5001,0.4496937843753297
5002,0.3248255986283789
5003,0.32398271984831206
5004,0.46270020967557435
5005,0.3223377100439398
5006,0.4505357264993034
5007,0.47226651307743034
5008,0.2723210034008603
5009,0.4713039637078004
5010,0.38328683641566635
5011,0.5573086796323143
5012,0.33786914125819556
5013,0.49283029932235656
5014,0.23900695025285754
5015,0.30778674829404495
5016,0.5573086796323143
5017,0.376305300242417
5018,0.21283756720804348
5019,0.3233630436564182
5020,0.44505920864835535
5021,0.1435254315828996
5022,0.5573086796323143
5023,0.44232528791986786
5024,0.4799704511391772
5025,0.44517198743884834
5026,0.49283029932235656
5027,0.26445251544062
5028,0.2371315571520279
5029,0.44126117749433497
5030,0.49283029932235656
5031,0.35588157423433103
5032,0.5573086796323143
5033,0.3518382307960685
5034,0.49283029932235656
5035,0.38180127576932527
5036,0.4813152617389743
5037,0.40385248207051694
5038,0.2602533600888241
5039,0.3075005319682478
5040,0.37375135763532386
5041,0.332938965803804
5042,0.20737793355029216
5043,0.25907181306876326
5044,0.5288983803692396
5045,0.47741434846165665
5046,0.1847784494407322
5047,0.2805321368783458
5048,0.46754124381189194
5049,0.48983312882508917
5050,0.4529979417742551
5051,0.32681158067322175
5052,0.45653918976855823
5053,0.46905660193192117
5054,0.5095446596573182
5055,0.49283029932235656
5056,0.46610251610888775
5057,0.4222265558884327
5058,0.33273156929109876
5059,0.43889482756818793
5060,0.5288983803692396
5061,0.24351857876992855
5062,0.2533038090331592
5063,0.49283029932235656
5064,0.4026364907495883
5065,0.32241007778023223
5066,0.3337015775598495
5067,0.29380296413760304
5068,0.16364408719283868
5069,0.20301408701936074
5070,0.31111130766795275
5071,0.5288983803692396
5072,0.35512407696899473
5073,0.4849394777695448
5074,0.23647637851656694
5075,0.26481880191611995
5076,0.477474661972588
5077,0.4982634794054841
5078,0.34068668936975444
5079,0.4349663375304672
5080,0.20516155844591072
5081,0.47741434846165665
5082,0.38434545856591007
5083,0.2941401998764983
5084,0.4355436879077559
5085,0.4417186083452922
5086,0.23594906257411682
5087,0.3429482552092886
5088,0.461051180083822
5089,0.4859923878376764
5090,0.4120024090757483
5091,0.4408390504641163
5092,0.4531518944800662
5093,0.28076716869661134
5094,0.4505284451994729
5095,0.4670884498048472
5096,0.19488719431956794
5097,0.477474661972588
5098,0.44074065673824214
5099,0.22718318673055252
5100,0.4634034095837234
5101,0.28391330915284546
5102,0.2693187211917238
5103,0.2329243082797704
5104,0.45966075376574395
5105,0.22010906364509983
5106,0.49283029932235656
5107,0.477474661972588
5108,0.46829201801463116
5109,0.49283029932235656
5110,0.4390270639056266
5111,0.45767830093570583
5112,0.3944677766954221
5113,0.4086938159141604
5114,0.2954724101977231
5115,0.4660289367115793
5116,0.24653964248525553
5117,0.2839795824302459
5118,0.22138055968441947
5119,0.3276402626905267
5120,0.4684687690596312
5121,0.46952667248251373
5122,0.28332382599179484
5123,0.477474661972588
5124,0.5288983803692396
5125,0.2312965598454475
5126,0.20760158065469125
5127,0.4669865961332884
5128,0.49283029932235656
5129,0.19264603342373993
5130,0.46892396316269447
5131,0.2958700913966198
5132,0.17804754736661493
5133,0.42627734786797555
5134,0.4461383755600675
5135,0.15611413649459935
5136,0.22838856400143487
5137,0.44085170240966903
5138,0.4383993470778008
5139,0.4053743298483498
5140,0.45706110218601387
5141,0.4255746432703006
5142,0.4317841783405839
5143,0.3965994892458765
5144,0.5288983803692396
5145,0.3411468371970162
5146,0.26533907325414086
5147,0.4409420937618963
5148,0.5590589694316741
5149,0.5573086796323143
5150,0.34845801646208563
5151,0.4421487501086932
5152,0.477474661972588
5153,0.3777481325684291
5154,0.477474661972588
5155,0.2775304416040032
5156,0.3100857281879586
5157,0.49283029932235656
5158,0.18026563504297755
5159,0.477474661972588
5160,0.5573086796323143
5161,0.18338380266469712
5162,0.46960756959058253
5163,0.43187712138307705
5164,0.4582648143838997
5165,0.49283029932235656
5166,0.3848432365170965
5167,0.26658548076424116
5168,0.2853288786789788
5169,0.5573086796323143
5170,0.4464645612138476
5171,0.49283029932235656
5172,0.1987788305916907
5173,0.44881651317747434
5174,0.4215972901778053
5175,0.477474661972588
5176,0.24894324680296923
5177,0.31144437361487953
5178,0.4633736998332311
5179,0.5086887347617317
5180,0.29763305375135934
5181,0.477474661972588
5182,0.4702645575876803
5183,0.28553074340594314
5184,0.3389333212348472
5185,0.1924150247492917
5186,0.5055122738594328
5187,0.3030829476077702
5188,0.39158768934816895
5189,0.4904644508336364
5190,0.20511916916633205
5191,0.34488532989546156
5192,0.2241310797200871
5193,0.48336030292559434
5194,0.4493369918746246
5195,0.22663980973984504
5196,0.3945519216363856
5197,0.34310041240229255
5198,0.461051180083822
5199,0.37776049603662737
5200,0.562420814570356
5201,0.26966965507345364
5202,0.21718765145084226
5203,0.4181614355165194
5204,0.4499001709564424
5205,0.45377625426540086
5206,0.36658839202630356
5207,0.37389990913111587
5208,0.477474661972588
5209,0.40711534763707646
5210,0.3151054711956474
5211,0.4082482649949194
5212,0.3318206696315633
5213,0.34588515661473723
5214,0.4660328675817387
5215,0.49283029932235656
5216,0.42155589011497246
5217,0.3130156270208683
5218,0.28185160295853146
5219,0.49283029932235656
5220,0.5573086796323143
5221,0.433939588286249
5222,0.47109528977430765
5223,0.34112323026979974
5224,0.291199986130751
5225,0.49283029932235656
5226,0.4333573201788291
5227,0.18308264139561345
5228,0.464480396719879
5229,0.36246787384909174
5230,0.4701437752510293
5231,0.44129309095017083
5232,0.5079578593243542
5233,0.4086911379276204
5234,0.44756865140984575
5235,0.46952096789151987
5236,0.2662131166940281
5237,0.4525016430758722
5238,0.436893958869225
5239,0.26042690817712194
5240,0.2017941595947845
5241,0.477474661972588
5242,0.3096724990371021
5243,0.47065959646301636
5244,0.18257824285207452
5245,0.31920238265060463
5246,0.4957475546691052
5247,0.37024844901463083
5248,0.4859923878376764
5249,0.2975389307759348
5250,0.40247595964653526
5251,0.43758407859877513
5252,0.22691927549065585
5253,0.297168747088913
5254,0.5288983803692396
5255,0.2874999322133771
5256,0.3730932007308487
5257,0.43742803612699377
5258,0.4968298809262851
5259,0.3222219265427471
5260,0.23690565923950951
5261,0.4413028330107916
5262,0.16685118721343706
5263,0.2111906097704917
5264,0.49283029932235656
5265,0.2732169088459901
5266,0.4465249844270427
5267,0.28404752802260946
5268,0.4816523150903511
5269,0.24256301407390735
5270,0.2857170671958815
5271,0.4859923878376764
5272,0.477474661972588
5273,0.4859923878376764
5274,0.18775543527872457
5275,0.4403597141831091
5276,0.4741367756505583
5277,0.1151568405438563
5278,0.20113459121214483
5279,0.4677477814143575
5280,0.49283029932235656
5281,0.44329342873133987
5282,0.3350599229403952
5283,0.19225017027512067
5284,0.33649439142607235
5285,0.2927682775990272
5286,0.4582479574644499
5287,0.48796505670808377
5288,0.4270518233395523
5289,0.3991850369139323
5290,0.33950608288881023
5291,0.4283990327882227
5292,0.3215925396035818
5293,0.46334116066159764
5294,0.4660289367115793
5295,0.1527164121795931
5296,0.3949616053967855
5297,0.4386146324534927
5298,0.23318526310180215
5299,0.4968298809262851
5300,0.2789783325832254
5301,0.3521706041323954
5302,0.23778513321644953
5303,0.502164517739521
5304,0.477474661972588
5305,0.4816473710443618
5306,0.4540748081607538
5307,0.35155418343199896
5308,0.2904470901729367
5309,0.43964451190234166
5310,0.28979140280856014
5311,0.3223746374057078
5312,0.1931166677977866
5313,0.3024649080159087
5314,0.5312412039699026
5315,0.20694643918814484
5316,0.47734323864610184
5317,0.29268673008407087
5318,0.47303358777231425
5319,0.39130636125115076
5320,0.3323399999309551
5321,0.4876618350112665
5322,0.18489422275349665
5323,0.44517198743884834
5324,0.44207500224529583
5325,0.41033851549994244
5326,0.34855655061950297
5327,0.43598769207004406
5328,0.18827499529845107
5329,0.477474661972588
5330,0.4041282890145087
5331,0.1981930170056709
5332,0.3419477823082319
5333,0.34825400027023484
5334,0.4637165672505556
5335,0.27053489847083917
5336,0.5012552616476951
5337,0.4345068221100052
5338,0.20397975563175483
5339,0.2505460323411787
5340,0.1718435658965707
5341,0.21304640759249868
5342,0.3926116049267831
5343,0.4721239650163488
5344,0.5288983803692396
5345,0.4206283866019479
5346,0.44980240407738925
5347,0.49283029932235656
5348,0.1414622544014525
5349,0.4677662593568153
5350,0.2772908139350443
5351,0.29130360783797327
5352,0.33791566712016874
5353,0.35187145111766766
5354,0.5077741807433273
5355,0.5590589694316741
5356,0.477474661972588
5357,0.49283029932235656
5358,0.4371536743554498
5359,0.2614460018195186
5360,0.43669907887144616
5361,0.32197651736038757
5362,0.37577617417856024
5363,0.4755658005589422
5364,0.43839642701285464
5365,0.45375905983832027
5366,0.5022672518177091
5367,0.49283029932235656
5368,0.3723608116890596
5369,0.24991692815199001
5370,0.3539284669243181
5371,0.38621233549009204
5372,0.3992256205593836
5373,0.4179378620739195
5374,0.27368727928756675
5375,0.15301344998274774
5376,0.5011279867095896
5377,0.46498517772495723
5378,0.47749323687463835
5379,0.2629497430620937
5380,0.4979928372703387
5381,0.36838702188466466
5382,0.3217783071891018
5383,0.1517235998657734
5384,0.44831565101366366
5385,0.2342315948656653
5386,0.30433254423773587
5387,0.4806375348845574
5388,0.30013991216571567
5389,0.45538805922818454
5390,0.3908030215620937
5391,0.21876658351433823
5392,0.477474661972588
5393,0.19543273244779047
5394,0.3294008552328544
5395,0.42528720101168127
5396,0.44374164147934275
5397,0.17946755835423686
5398,0.24660469750517922
5399,0.21038597898551722
5400,0.28512498725819496
5401,0.5314669665487447
5402,0.4859923878376764
5403,0.18254783086419166
5404,0.48821882247993437
5405,0.3247452864113096
5406,0.2929683076632052
5407,0.26801607008574935
5408,0.1837347573419409
5409,0.32131868574855355
5410,0.5288983803692396
5411,0.5590589694316741
5412,0.477474661972588
5413,0.19562684233594838
5414,0.40523061787841314
5415,0.2941804761271884
5416,0.4285832623605502
5417,0.49283029932235656
5418,0.451346258709774
5419,0.23943536234869067
5420,0.5288983803692396
5421,0.14994796226250473
5422,0.256139415094386
5423,0.2928677483304718
5424,0.477474661972588
5425,0.28641497333906046
5426,0.25740526286866305
5427,0.4511809784999328
5428,0.34254091198544395
5429,0.4082451849412068
5430,0.26577409349713876
5431,0.3696899276920803
5432,0.1968393379589577
5433,0.46800421559696914
5434,0.3669790905822754
5435,0.17646130829589457
5436,0.37265434098678263
5437,0.46558850616750336
5438,0.49283029932235656
5439,0.4730019212482464
5440,0.5573086796323143
5441,0.23950136922633425
5442,0.4776427561302896
5443,0.22565879912331824
5444,0.34124604332535063
5445,0.19122720302373836
5446,0.2904008794636045
5447,0.2622968318953535
5448,0.44074065673824214
5449,0.48431354941361776
5450,0.5288983803692396
5451,0.20228524068587783
5452,0.43498493794108967
5453,0.477474661972588
5454,0.2951906624541105
5455,0.13584837712485587
5456,0.4617852292603464
5457,0.14352951669255418
5458,0.49283029932235656
5459,0.49283029932235656
5460,0.5288983803692396
5461,0.44468718353231873
5462,0.5121116032342204
5463,0.49283029932235656
5464,0.24452618991543196
5465,0.42235652050536215
5466,0.13829530681587449
5467,0.21171321093967785
5468,0.25241883430857043
5469,0.47280269067986874
5470,0.3264487868428931
5471,0.4564815968504247
5472,0.3037342040439685
5473,0.4041461026471857
5474,0.2072487611961125
5475,0.2821005996561925
5476,0.3187729821557588
5477,0.3106626772622833
5478,0.47381794482801853
5479,0.2273299297168148
5480,0.30341335767847977
5481,0.4770158489906952
5482,0.4785361267053183
5483,0.3077919942962302
5484,0.340291210286812
5485,0.5573086796323143
5486,0.22143485031189278
5487,0.20525797247722116
5488,0.39440362020725217
5489,0.36853541535449813
5490,0.46340608652836857
5491,0.3206864578869677
5492,0.4885946649869907
5493,0.14844539586048694
5494,0.32074476642072036
5495,0.46136897267327215
5496,0.49283029932235656
5497,0.3170341231842355
5498,0.28196211247858427
5499,0.3420842180268751
5500,0.29015182648054644
5501,0.5573086796323143
5502,0.4300223275853176
5503,0.19145866803811706
5504,0.3033719316564834
5505,0.3576179301749886
5506,0.47532900546699935
5507,0.5292036410132285
5508,0.4908253826600163
5509,0.2939315873536451
5510,0.2351748333988099
5511,0.45539619740942805
5512,0.4857333386759006
5513,0.48963622730622597
5514,0.3188483676903426
5515,0.41874742343927346
5516,0.21307845118204327
5517,0.461666887440012
5518,0.562420814570356
5519,0.5696144681904152
5520,0.49283029932235656
5521,0.1631575193754819
5522,0.4810657474825976
5523,0.5288983803692396
5524,0.3311520728849788
5525,0.45208736536365274
5526,0.4588266762601883
5527,0.2030701648375543
5528,0.5288983803692396
5529,0.3767619110901176
5530,0.2883302749479599
5531,0.33205193458469756
5532,0.4272386751200804
5533,0.3269696061281904
5534,0.24167639720470416
5535,0.13300750073763587
5536,0.284590991967806
5537,0.2826071621921024
5538,0.48963622730622597
5539,0.5288983803692396
5540,0.4276079246019161
5541,0.49283029932235656
5542,0.478526309767622
5543,0.34123103049040365
5544,0.4592056492963886
5545,0.49283029932235656
5546,0.2331606318353266
5547,0.29922581071416604
5548,0.19387022536083498
5549,0.18233594836009104
5550,0.2539144137389042
5551,0.30975233904737437
5552,0.29141251986681455
5553,0.44472412063911015
5554,0.47275880829708916
5555,0.18245838888455823
5556,0.4263610837026944
5557,0.477474661972588
5558,0.39087961873930993
5559,0.43306769460987327
5560,0.25444651665694523
5561,0.41765595546477946
5562,0.48963622730622597
5563,0.41897534061529124
5564,0.4643525393441864
5565,0.4504903291261072
5566,0.3351842347580531
5567,0.28824993709322366
5568,0.34460545994026964
5569,0.3813610637169366
5570,0.49283029932235656
5571,0.4584095017978999
5572,0.2899579516238228
5573,0.45260377749127784
5574,0.476504218922318
5575,0.45006650677152854
5576,0.3142388088156187
5577,0.20477879923869288
5578,0.452793570128622
5579,0.4461041303597634
5580,0.5573086796323143
5581,0.16869540307379746
5582,0.5059172146783361
5583,0.24611727456101737
5584,0.4290362394731456
5585,0.46522663734636377
5586,0.3774104646888922
5587,0.49283029932235656
5588,0.3338141564128321
5589,0.477474661972588
5590,0.3700834040824909
5591,0.3739681545129772
5592,0.39305456675658623
5593,0.45440060535189447
5594,0.38434790452711426
5595,0.4764281857448509
5596,0.44750928303424564
5597,0.477474661972588
5598,0.30881221135872233
5599,0.43596568942264596
5600,0.4479830491798012
5601,0.48963622730622597
5602,0.205323912743468
5603,0.49283029932235656
5604,0.47734323864610184
5605,0.5573086796323143
5606,0.45974218866059535
5607,0.18076104035740514
5608,0.41198385827809525
5609,0.46192976505611455
5610,0.5288983803692396
5611,0.3173828806248205
5612,0.25043172409804915
5613,0.22689111634392872
5614,0.45786252934264593
5615,0.2873190758533613
5616,0.38884694058054947
5617,0.3104430255427796
5618,0.36832598422054835
5619,0.4496374767238339
5620,0.480642986756933
5621,0.35443470781147446
5622,0.3013200659087205
5623,0.25420802593623454
5624,0.27688859431760826
5625,0.43227296780226765
5626,0.3525373449036451
5627,0.2416852447626211
5628,0.49283029932235656
5629,0.32595253406028496
5630,0.363181364279665
5631,0.32121170626194195
5632,0.48963622730622597
5633,0.25747714466832816
5634,0.3510940170503241
5635,0.30868290240966806
5636,0.49283029932235656
5637,0.28945726928485693
5638,0.4525571031061294
5639,0.2315317030743271
5640,0.44705846214262246
5641,0.49283029932235656
5642,0.296970076218525
5643,0.1979227550435617
5644,0.477474661972588
5645,0.38727208881404707
5646,0.46136897267327215
5647,0.46328589102117207
5648,0.30423405428589123
5649,0.44301125292543103
5650,0.15832170842619092
5651,0.35153351236378283
5652,0.45550424634158554
5653,0.49283029932235656
5654,0.39033633243146154
5655,0.4869794673110783
5656,0.5573086796323143
5657,0.45254207603006463
5658,0.2232202927157091
5659,0.49283029932235656
5660,0.23240692253377734
5661,0.2927624101410147
5662,0.441613845507959
5663,0.4565490426319533
5664,0.5258902482340692
5665,0.4329448683299228
5666,0.48963622730622597
5667,0.4613541230768204
5668,0.3839750858136024
5669,0.19786780746788868
5670,0.272500893369996
5671,0.4558437410012165
5672,0.49283029932235656
5673,0.16708815130868007
5674,0.33360570881074314
5675,0.26297431388064374
5676,0.24009094447946147
5677,0.24698178009773222
5678,0.5092429129007878
5679,0.3954142294865879
5680,0.33320791310838926
5681,0.30546488701788976
5682,0.19129625681179602
5683,0.18701793754146173
5684,0.46552008158289376
5685,0.3881230136078655
5686,0.441464142121082
5687,0.48186940878323803
5688,0.4468615820287217
5689,0.3979912200656836
5690,0.5093883221445974
5691,0.3221210038858341
5692,0.477474661972588
5693,0.4456934677348442
5694,0.24534201729122457
5695,0.4479830491798012
5696,0.4859923878376764
5697,0.18204194522608635
5698,0.48623484881283524
5699,0.28601377810028805
5700,0.44786303110116366
5701,0.34219343303159167
5702,0.4549422371592285
5703,0.3647903113681824
5704,0.1979981850221148
5705,0.36518687379224857
5706,0.5573086796323143
5707,0.28355426844727616
5708,0.477474661972588
5709,0.562420814570356
5710,0.4638002506791576
5711,0.4765755238582141
5712,0.23091843358285605
5713,0.3019948129166275
5714,0.5522719446819897
5715,0.46101430989786407
5716,0.35982443218663174
5717,0.2366449962721478
5718,0.31902934808599964
5719,0.477474661972588
5720,0.15891980801814298
5721,0.4497248764832321
5722,0.15539880032370024
5723,0.2188146906065575
5724,0.2857848471765356
5725,0.3055871049012014
5726,0.21105521090832355
5727,0.16654924652888287
5728,0.2463160821777069
5729,0.2839565535348337
5730,0.3123110548115905
5731,0.3370670962255165
5732,0.49283029932235656
5733,0.4754898242993159
5734,0.49283029932235656
5735,0.2802174382872987
5736,0.3531862214407242
5737,0.4859923878376764
5738,0.28054758581783523
5739,0.28379900466661623
5740,0.20892275524211842
5741,0.28619851335968155
5742,0.49283029932235656
5743,0.36573725355142434
5744,0.2569037490104906
5745,0.36266426725510104
5746,0.3922526928841664
5747,0.27365918665374295
5748,0.3410986979522409
5749,0.2858957846852484
5750,0.3256812486514211
5751,0.46355025095215724
5752,0.464737896665636
5753,0.27630015073407477
5754,0.4694470910326885
5755,0.21094831155895524
5756,0.32712592133634416
5757,0.47023262928508586
5758,0.3313254900764601
5759,0.477474661972588
5760,0.4799700896803487
5761,0.1928571460648658
5762,0.40292511666848446
5763,0.2861072666876642
5764,0.2981591783333883
5765,0.3174000316159349
5766,0.2038169941070219
5767,0.24428034235475907
5768,0.36911655975136853
5769,0.4620353975875912
5770,0.5258189977039575
5771,0.4614260787677339
5772,0.30643619081478696
5773,0.1541089440052578
5774,0.5288983803692396
5775,0.49283029932235656
5776,0.42755309258200347
5777,0.5573086796323143
5778,0.48313486253479765
5779,0.46613187979771936
5780,0.477474661972588
5781,0.4016518403654919
5782,0.5288983803692396
5783,0.22638450938443547
5784,0.2660535734317573
5785,0.17669532760560025
5786,0.49283029932235656
5787,0.49283029932235656
5788,0.5288983803692396
5789,0.14182192760665188
5790,0.2554687426166982
5791,0.26993479584696484
5792,0.35595142031052385
5793,0.4233932972590175
5794,0.41596420997174843
5795,0.44919319438592464
5796,0.3170406223346616
5797,0.4859923878376764
5798,0.4300730610731837
5799,0.49283029932235656
5800,0.21229335205285418
5801,0.30410554062298456
5802,0.49283029932235656
5803,0.19783769124561093
5804,0.477474661972588
5805,0.49283029932235656
5806,0.42519812334876766
5807,0.45759149647797087
5808,0.24372951980969224
5809,0.3450512621574856
5810,0.3456150218244035
5811,0.27690861446620646
5812,0.43286959312107215
5813,0.3600167910420312
5814,0.45059767837000686
5815,0.477474661972588
5816,0.21916425840774376
5817,0.49283029932235656
5818,0.4552929938795489
5819,0.49283029932235656
5820,0.477474661972588
5821,0.45002513256990134
5822,0.49283029932235656
5823,0.21006292195438353
5824,0.4697029130545926
5825,0.27178524502671586
5826,0.43436825785500455
5827,0.5014028702818278
5828,0.2877665931409473
5829,0.1725088022077187
5830,0.5219108956666275
5831,0.47782804982498
5832,0.3148744048707325
5833,0.41970418419027633
5834,0.41205626928639416
5835,0.320000392924396
5836,0.5573086796323143
5837,0.477474661972588
5838,0.5034428724330077
5839,0.37868631156890237
5840,0.4657828543036736
5841,0.4885605032093094
5842,0.47172557662750314
5843,0.4540794909827672
5844,0.1689406006709904
5845,0.4761774768603054
5846,0.3380055359160533
5847,0.4854435434595788
5848,0.5573086796323143
5849,0.16789428075491813
5850,0.28739344699550534
5851,0.4236573913355389
5852,0.2604720663800438
5853,0.3553079529036139
5854,0.2338876945599987
5855,0.4670729967376524
5856,0.36164883452385516
5857,0.15249906297141796
5858,0.1751003172232527
5859,0.4492069399100803
5860,0.29599474723291364
5861,0.17579117057098784
5862,0.21880301329256435
5863,0.1511364517721862
5864,0.512971873623265
5865,0.4106975286012208
5866,0.4849394777695448
5867,0.2100663502280764
5868,0.44551244720414035
5869,0.4636466394665258
5870,0.43146425341249306
5871,0.4424658344767931
5872,0.2759660281071194
5873,0.38073064855943595
5874,0.28300336145481014
5875,0.3788555766902779
5876,0.48674751041917075
5877,0.49283029932235656
5878,0.2934896965217698
5879,0.46058860839101506
5880,0.5288983803692396
5881,0.5288983803692396
5882,0.43983620459469064
5883,0.40813759206334566
5884,0.28352316993675303
5885,0.30556149414587874
5886,0.2532160753055193
5887,0.5052331142694854
5888,0.24586040859900926
5889,0.5573086796323143
5890,0.49283029932235656
5891,0.513790181581447
5892,0.49283029932235656
5893,0.34018892320211647
5894,0.41065160403309675
5895,0.45499381999418015
5896,0.45024046184866023
5897,0.31621266859806263
5898,0.21109224622239015
5899,0.21980139488326997
5900,0.17330859645467506
5901,0.25036822370497597
5902,0.30706275659160354
5903,0.35927331870331364
5904,0.20181313923980215
5905,0.4595210967686224
5906,0.3837795409391345
5907,0.46558850616750336
5908,0.477474661972588
5909,0.2836444338411862
5910,0.4657828543036736
5911,0.3079958224816496
5912,0.27215642481299324
5913,0.452853687469953
5914,0.40254214454623527
5915,0.3975283083329543
5916,0.3684007128319303
5917,0.5590589694316741
5918,0.5573086796323143
5919,0.5288983803692396
5920,0.20930746889611296
5921,0.1499962325043318
5922,0.46522663734636377
5923,0.47404408502967327
5924,0.4800452567306909
5925,0.19039338146130874
5926,0.3551030435072717
5927,0.49283029932235656
5928,0.30390554847866186
5929,0.14432542994277056
5930,0.45741598583319387
5931,0.35058428191213814
5932,0.477474661972588
5933,0.14800968411040702
5934,0.4407398537461984
5935,0.41097711356540856
5936,0.3089797618473812
5937,0.38489449803904896
5938,0.24267498583042052
5939,0.48627714078866197
5940,0.47065959646301636
5941,0.43445135563991477
5942,0.31619941064643076
5943,0.4592968538918597
5944,0.14149394977062413
5945,0.2474877439997736
5946,0.15279002554752472
5947,0.14134434801852183
5948,0.5288983803692396
5949,0.41386552499418194
5950,0.46908573278634225
5951,0.4552945237781151
5952,0.4275979350534938
5953,0.32304838264757363
5954,0.3398654309694451
5955,0.4859923878376764
5956,0.32292593719821355
5957,0.4702645575876803
5958,0.3360834521573625
5959,0.3043259088142609
5960,0.46060848296584234
5961,0.3067390330521088
5962,0.49283029932235656
5963,0.23272690058912404
5964,0.5308725812121444
5965,0.3108194745576767
5966,0.5288983803692396
5967,0.49283029932235656
5968,0.477474661972588
5969,0.446773626674934
5970,0.314006574376442
5971,0.5573086796323143
5972,0.2816869211680212
5973,0.4558490881377508
5974,0.5573086796323143
5975,0.477474661972588
5976,0.2991494029347232
5977,0.4252782720659644
5978,0.49283029932235656
5979,0.38234350567023356
5980,0.39230442009668826
5981,0.4461465587031994
